[
  {
    "LocationID": "ATL",
    "Statename": "Georgia",
    "CountyState": "GA",
    "City": "Atlanta",
    "FacilityName": "Hartsfield - Jackson Atlanta Intl",
    "Lat": 33.6367,
    "Lng": -84.4279,
    "OperationsCommercial": 734632
  },
  {
    "LocationID": "ORD",
    "Statename": "Illinois",
    "CountyState": "IL",
    "City": "Chicago",
    "FacilityName": "Chicago O'hare Intl",
    "Lat": 41.9773,
    "Lng": -87.908,
    "OperationsCommercial": 621564
  },
  {
    "LocationID": "LAX",
    "Statename": "California",
    "CountyState": "CA",
    "City": "Los Angeles",
    "FacilityName": "Los Angeles Intl",
    "Lat": 33.9425,
    "Lng": -118.4071,
    "OperationsCommercial": 520437
  },
  {
    "LocationID": "DFW",
    "Statename": "Texas",
    "CountyState": "TX",
    "City": "Dallas-Fort Worth",
    "FacilityName": "Dallas-Fort Worth Intl",
    "Lat": 32.8972,
    "Lng": -97.0377,
    "OperationsCommercial": 500909
  },
  {
    "LocationID": "DEN",
    "Statename": "Colorado",
    "CountyState": "CO",
    "City": "Denver",
    "FacilityName": "Denver Intl",
    "Lat": 39.8617,
    "Lng": -104.6732,
    "OperationsCommercial": 424930
  },
  {
    "LocationID": "JFK",
    "Statename": "New York",
    "CountyState": "NY",
    "City": "New York",
    "FacilityName": "John F Kennedy Intl",
    "Lat": 40.6399,
    "Lng": -73.7787,
    "OperationsCommercial": 401737
  },
  {
    "LocationID": "MSP",
    "Statename": "Minnesota",
    "CountyState": "MN",
    "City": "Minneapolis",
    "FacilityName": "Minneapolis-St Paul Intl/wold-Chamberlain",
    "Lat": 44.882,
    "Lng": -93.2218,
    "OperationsCommercial": 375153
  },
  {
    "LocationID": "CLT",
    "Statename": "North Carolina",
    "CountyState": "NC",
    "City": "Charlotte",
    "FacilityName": "Charlotte/douglas Intl",
    "Lat": 35.2137,
    "Lng": -80.9491,
    "OperationsCommercial": 361072
  },
  {
    "LocationID": "PHX",
    "Statename": "Arizona",
    "CountyState": "AZ",
    "City": "Phoenix",
    "FacilityName": "Phoenix Sky Harbor Intl",
    "Lat": 33.4343,
    "Lng": -112.0116,
    "OperationsCommercial": 354818
  },
  {
    "LocationID": "MIA",
    "Statename": "Florida",
    "CountyState": "FL",
    "City": "Miami",
    "FacilityName": "Miami Intl",
    "Lat": 25.7954,
    "Lng": -80.2901,
    "OperationsCommercial": 353962
  },
  {
    "LocationID": "LAS",
    "Statename": "Nevada",
    "CountyState": "NV",
    "City": "Las Vegas",
    "FacilityName": "Mc Carran Intl",
    "Lat": 36.0801,
    "Lng": -115.1522,
    "OperationsCommercial": 349608
  },
  {
    "LocationID": "SFO",
    "Statename": "California",
    "CountyState": "CA",
    "City": "San Francisco",
    "FacilityName": "San Francisco Intl",
    "Lat": 37.6188,
    "Lng": -122.3754,
    "OperationsCommercial": 335428
  },
  {
    "LocationID": "IAH",
    "Statename": "Texas",
    "CountyState": "TX",
    "City": "Houston",
    "FacilityName": "George Bush Intercontinental/houston",
    "Lat": 29.9844,
    "Lng": -95.3414,
    "OperationsCommercial": 333090
  },
  {
    "LocationID": "SEA",
    "Statename": "Washington",
    "CountyState": "WA",
    "City": "Seattle",
    "FacilityName": "Seattle-Tacoma Intl",
    "Lat": 47.4499,
    "Lng": -122.3118,
    "OperationsCommercial": 325425
  },
  {
    "LocationID": "LGA",
    "Statename": "New York",
    "CountyState": "NY",
    "City": "New York",
    "FacilityName": "Laguardia",
    "Lat": 40.7773,
    "Lng": -73.8726,
    "OperationsCommercial": 314946
  },
  {
    "LocationID": "EWR",
    "Statename": "New Jersey",
    "CountyState": "NJ",
    "City": "Newark",
    "FacilityName": "Newark Liberty Intl",
    "Lat": 40.6925,
    "Lng": -74.1687,
    "OperationsCommercial": 295852
  },
  {
    "LocationID": "MCO",
    "Statename": "Florida",
    "CountyState": "FL",
    "City": "Orlando",
    "FacilityName": "Orlando Intl",
    "Lat": 28.4294,
    "Lng": -81.309,
    "OperationsCommercial": 294833
  },
  {
    "LocationID": "DTW",
    "Statename": "Michigan",
    "CountyState": "MI",
    "City": "Detroit",
    "FacilityName": "Detroit Metropolitan Wayne County",
    "Lat": 42.2124,
    "Lng": -83.3534,
    "OperationsCommercial": 243117
  },
  {
    "LocationID": "PHL",
    "Statename": "Pennsylvania",
    "CountyState": "PA",
    "City": "Philadelphia",
    "FacilityName": "Philadelphia Intl",
    "Lat": 39.8722,
    "Lng": -75.2409,
    "OperationsCommercial": 239776
  },
  {
    "LocationID": "DCA",
    "Statename": "Dist. of Columbia",
    "CountyState": "VA",
    "City": "Washington",
    "FacilityName": "Ronald Reagan Washington National",
    "Lat": 38.8514,
    "Lng": -77.0377,
    "OperationsCommercial": 239126
  },
  {
    "LocationID": "BOS",
    "Statename": "Massachusetts",
    "CountyState": "MA",
    "City": "Boston",
    "FacilityName": "General Edward Lawrence Logan Intl",
    "Lat": 42.3629,
    "Lng": -71.0064,
    "OperationsCommercial": 219230
  },
  {
    "LocationID": "FLL",
    "Statename": "Florida",
    "CountyState": "FL",
    "City": "Fort Lauderdale",
    "FacilityName": "Fort Lauderdale/hollywood Intl",
    "Lat": 26.0717,
    "Lng": -80.1497,
    "OperationsCommercial": 199676
  },
  {
    "LocationID": "BWI",
    "Statename": "Maryland",
    "CountyState": "MD",
    "City": "Baltimore",
    "FacilityName": "Baltimore/washington Intl Thurgood Marshal",
    "Lat": 39.1757,
    "Lng": -76.669,
    "OperationsCommercial": 197343
  },
  {
    "LocationID": "MDW",
    "Statename": "Illinois",
    "CountyState": "IL",
    "City": "Chicago",
    "FacilityName": "Chicago Midway Intl",
    "Lat": 41.786,
    "Lng": -87.7524,
    "OperationsCommercial": 185535
  },
  {
    "LocationID": "SLC",
    "Statename": "Utah",
    "CountyState": "UT",
    "City": "Salt Lake City",
    "FacilityName": "Salt Lake City Intl",
    "Lat": 40.7884,
    "Lng": -111.9778,
    "OperationsCommercial": 184033
  },
  {
    "LocationID": "MEM",
    "Statename": "Tennessee",
    "CountyState": "TN",
    "City": "Memphis",
    "FacilityName": "Memphis Intl",
    "Lat": 35.0424,
    "Lng": -89.9767,
    "OperationsCommercial": 162072
  },
  {
    "LocationID": "TPA",
    "Statename": "Florida",
    "CountyState": "FL",
    "City": "Tampa",
    "FacilityName": "Tampa Intl",
    "Lat": 27.9755,
    "Lng": -82.5332,
    "OperationsCommercial": 157796
  },
  {
    "LocationID": "SAN",
    "Statename": "California",
    "CountyState": "CA",
    "City": "San Diego",
    "FacilityName": "San Diego Intl",
    "Lat": 32.7336,
    "Lng": -117.1897,
    "OperationsCommercial": 155310
  },
  {
    "LocationID": "HNL",
    "Statename": "Hawaii",
    "CountyState": "HI",
    "City": "Honolulu",
    "FacilityName": "Honolulu Intl",
    "Lat": 21.3178,
    "Lng": -157.9203,
    "OperationsCommercial": 154727
  },
  {
    "LocationID": "IAD",
    "Statename": "Dist. of Columbia",
    "CountyState": "VA",
    "City": "Washington",
    "FacilityName": "Washington Dulles Intl",
    "Lat": 38.9474,
    "Lng": -77.4599,
    "OperationsCommercial": 152961
  },
  {
    "LocationID": "PDX",
    "Statename": "Oregon",
    "CountyState": "OR",
    "City": "Portland",
    "FacilityName": "Portland Intl",
    "Lat": 45.5887,
    "Lng": -122.5969,
    "OperationsCommercial": 152882
  },
  {
    "LocationID": "DAL",
    "Statename": "Texas",
    "CountyState": "TX",
    "City": "Dallas",
    "FacilityName": "Dallas Love Field",
    "Lat": 32.8471,
    "Lng": -96.8518,
    "OperationsCommercial": 122877
  },
  {
    "LocationID": "STL",
    "Statename": "Missouri",
    "CountyState": "MO",
    "City": "St Louis",
    "FacilityName": "Lambert-St Louis Intl",
    "Lat": 38.7487,
    "Lng": -90.37,
    "OperationsCommercial": 122858
  },
  {
    "LocationID": "HOU",
    "Statename": "Texas",
    "CountyState": "TX",
    "City": "Houston",
    "FacilityName": "William P Hobby",
    "Lat": 29.6454,
    "Lng": -95.2789,
    "OperationsCommercial": 114137
  },
  {
    "LocationID": "OAK",
    "Statename": "California",
    "CountyState": "CA",
    "City": "Oakland",
    "FacilityName": "Metropolitan Oakland Intl",
    "Lat": 37.7213,
    "Lng": -122.2211,
    "OperationsCommercial": 110952
  },
  {
    "LocationID": "AUS",
    "Statename": "Texas",
    "CountyState": "TX",
    "City": "Austin",
    "FacilityName": "Austin-Bergstrom Intl",
    "Lat": 30.1945,
    "Lng": -97.6699,
    "OperationsCommercial": 105995
  },
  {
    "LocationID": "MSY",
    "Statename": "Louisiana",
    "CountyState": "LA",
    "City": "New Orleans",
    "FacilityName": "Louis Armstrong New Orleans Intl",
    "Lat": 29.9933,
    "Lng": -90.259,
    "OperationsCommercial": 103494
  },
  {
    "LocationID": "MCI",
    "Statename": "Missouri",
    "CountyState": "MO",
    "City": "Kansas City",
    "FacilityName": "Kansas City Intl",
    "Lat": 39.2976,
    "Lng": -94.7139,
    "OperationsCommercial": 102138
  },
  {
    "LocationID": "IND",
    "Statename": "Indiana",
    "CountyState": "IN",
    "City": "Indianapolis",
    "FacilityName": "Indianapolis Intl",
    "Lat": 39.7173,
    "Lng": -86.2946,
    "OperationsCommercial": 102036
  },
  {
    "LocationID": "BNA",
    "Statename": "Tennessee",
    "CountyState": "TN",
    "City": "Nashville",
    "FacilityName": "Nashville Intl",
    "Lat": 36.1245,
    "Lng": -86.6782,
    "OperationsCommercial": 100750
  },
  {
    "LocationID": "SDF",
    "Statename": "Kentucky",
    "CountyState": "KY",
    "City": "Louisville",
    "FacilityName": "Louisville Intl-Standiford Field",
    "Lat": 38.1741,
    "Lng": -85.7365,
    "OperationsCommercial": 99720
  },
  {
    "LocationID": "ANC",
    "Statename": "Alaska",
    "CountyState": "AK",
    "City": "Anchorage",
    "FacilityName": "Ted Stevens Anchorage Intl",
    "Lat": 61.1742,
    "Lng": -149.9982,
    "OperationsCommercial": 98395
  },
  {
    "LocationID": "SAT",
    "Statename": "Texas",
    "CountyState": "TX",
    "City": "San Antonio",
    "FacilityName": "San Antonio Intl",
    "Lat": 29.534,
    "Lng": -98.4691,
    "OperationsCommercial": 90394
  },
  {
    "LocationID": "SJC",
    "Statename": "California",
    "CountyState": "CA",
    "City": "San Jose",
    "FacilityName": "Norman Y Mineta San Jose Intl",
    "Lat": 37.3627,
    "Lng": -121.9291,
    "OperationsCommercial": 88189
  },
  {
    "LocationID": "PIT",
    "Statename": "Pennsylvania",
    "CountyState": "PA",
    "City": "Pittsburgh",
    "FacilityName": "Pittsburgh Intl",
    "Lat": 40.4914,
    "Lng": -80.2327,
    "OperationsCommercial": 87010
  },
  {
    "LocationID": "SNA",
    "Statename": "California",
    "CountyState": "CA",
    "City": "Santa Ana",
    "FacilityName": "John Wayne Airport-Orange County",
    "Lat": 33.6757,
    "Lng": -117.8682,
    "OperationsCommercial": 84844
  },
  {
    "LocationID": "SMF",
    "Statename": "California",
    "CountyState": "CA",
    "City": "Sacramento",
    "FacilityName": "Sacramento Intl",
    "Lat": 38.6954,
    "Lng": -121.5908,
    "OperationsCommercial": 80029
  },
  {
    "LocationID": "CLE",
    "Statename": "Ohio",
    "CountyState": "OH",
    "City": "Cleveland",
    "FacilityName": "Cleveland-Hopkins Intl",
    "Lat": 41.4094,
    "Lng": -81.8547,
    "OperationsCommercial": 71878
  },
  {
    "LocationID": "CVG",
    "Statename": "Kentucky",
    "CountyState": "KY",
    "City": "Covington",
    "FacilityName": "Cincinnati/northern Kentucky Intl",
    "Lat": 39.0488,
    "Lng": -84.6678,
    "OperationsCommercial": 67993
  },
  {
    "LocationID": "RSW",
    "Statename": "Florida",
    "CountyState": "FL",
    "City": "Fort Myers",
    "FacilityName": "Southwest Florida Intl",
    "Lat": 26.5362,
    "Lng": -81.7552,
    "OperationsCommercial": 65607
  },
  {
    "LocationID": "SJU",
    "Statename": "Puerto Rico",
    "CountyState": "PR",
    "City": "San Juan",
    "FacilityName": "Luis Munoz Marin Intl",
    "Lat": 18.4394,
    "Lng": -66.0021,
    "OperationsCommercial": 65420
  },
  {
    "LocationID": "BUF",
    "Statename": "New York",
    "CountyState": "NY",
    "City": "Buffalo",
    "FacilityName": "Buffalo Niagara Intl",
    "Lat": 42.9404,
    "Lng": -78.7306,
    "OperationsCommercial": 61665
  },
  {
    "LocationID": "CMH",
    "Statename": "Ohio",
    "CountyState": "OH",
    "City": "Columbus",
    "FacilityName": "Port Columbus Intl",
    "Lat": 39.9969,
    "Lng": -82.8922,
    "OperationsCommercial": 59989
  },
  {
    "LocationID": "BDL",
    "Statename": "Connecticut",
    "CountyState": "CT",
    "City": "Windsor Locks",
    "FacilityName": "Bradley Intl",
    "Lat": 41.9391,
    "Lng": -72.6834,
    "OperationsCommercial": 56969
  },
  {
    "LocationID": "MKE",
    "Statename": "Wisconsin",
    "CountyState": "WI",
    "City": "Milwaukee",
    "FacilityName": "General Mitchell Intl",
    "Lat": 42.9469,
    "Lng": -87.8971,
    "OperationsCommercial": 55664
  },
  {
    "LocationID": "JAX",
    "Statename": "Florida",
    "CountyState": "FL",
    "City": "Jacksonville",
    "FacilityName": "Jacksonville Intl",
    "Lat": 30.4941,
    "Lng": -81.6878,
    "OperationsCommercial": 53707
  },
  {
    "LocationID": "ABQ",
    "Statename": "New Mexico",
    "CountyState": "NM",
    "City": "Albuquerque",
    "FacilityName": "Albuquerque Intl Sunport",
    "Lat": 35.0389,
    "Lng": -106.6083,
    "OperationsCommercial": 51678
  },
  {
    "LocationID": "OGG",
    "Statename": "Hawaii",
    "CountyState": "HI",
    "City": "Kahului",
    "FacilityName": "Kahului",
    "Lat": 20.8986,
    "Lng": -156.4305,
    "OperationsCommercial": 51293
  },
  {
    "LocationID": "ONT",
    "Statename": "California",
    "CountyState": "CA",
    "City": "Ontario",
    "FacilityName": "Ontario Intl",
    "Lat": 34.056,
    "Lng": -117.6012,
    "OperationsCommercial": 50783
  },
  {
    "LocationID": "PBI",
    "Statename": "Florida",
    "CountyState": "FL",
    "City": "West Palm Beach",
    "FacilityName": "Palm Beach Intl",
    "Lat": 26.6832,
    "Lng": -80.0956,
    "OperationsCommercial": 50702
  },
  {
    "LocationID": "RDU",
    "Statename": "North Carolina",
    "CountyState": "NC",
    "City": "Raleigh/durham",
    "FacilityName": "Raleigh-Durham Intl",
    "Lat": 35.8776,
    "Lng": -78.7875,
    "OperationsCommercial": 46206
  },
  {
    "LocationID": "BUR",
    "Statename": "California",
    "CountyState": "CA",
    "City": "Burbank",
    "FacilityName": "Bob Hope",
    "Lat": 34.2007,
    "Lng": -118.3587,
    "OperationsCommercial": 46102
  },
  {
    "LocationID": "OKC",
    "Statename": "Oklahoma",
    "CountyState": "OK",
    "City": "Oklahoma City",
    "FacilityName": "Will Rogers World",
    "Lat": 35.3931,
    "Lng": -97.6008,
    "OperationsCommercial": 42242
  },
  {
    "LocationID": "OMA",
    "Statename": "Nebraska",
    "CountyState": "NE",
    "City": "Omaha",
    "FacilityName": "Eppley Airfield",
    "Lat": 41.3032,
    "Lng": -95.8941,
    "OperationsCommercial": 41532
  },
  {
    "LocationID": "BOI",
    "Statename": "Idaho",
    "CountyState": "ID",
    "City": "Boise",
    "FacilityName": "Boise Air Terminal/gowen Fld",
    "Lat": 43.5644,
    "Lng": -116.2229,
    "OperationsCommercial": 40646
  },
  {
    "LocationID": "GEG",
    "Statename": "Washington",
    "CountyState": "WA",
    "City": "Spokane",
    "FacilityName": "Spokane Intl",
    "Lat": 47.619,
    "Lng": -117.5352,
    "OperationsCommercial": 35752
  },
  {
    "LocationID": "RNO",
    "Statename": "Nevada",
    "CountyState": "NV",
    "City": "Reno",
    "FacilityName": "Reno/tahoe Intl",
    "Lat": 39.4991,
    "Lng": -119.7681,
    "OperationsCommercial": 34687
  },
  {
    "LocationID": "ELP",
    "Statename": "Texas",
    "CountyState": "TX",
    "City": "El Paso",
    "FacilityName": "El Paso Intl",
    "Lat": 31.8073,
    "Lng": -106.3764,
    "OperationsCommercial": 34493
  },
  {
    "LocationID": "CHS",
    "Statename": "South Carolina",
    "CountyState": "SC",
    "City": "Charleston",
    "FacilityName": "Charleston Afb/intl",
    "Lat": 32.8986,
    "Lng": -80.0405,
    "OperationsCommercial": 32896
  },
  {
    "LocationID": "MDT",
    "Statename": "Pennsylvania",
    "CountyState": "PA",
    "City": "Harrisburg",
    "FacilityName": "Harrisburg Intl",
    "Lat": 40.1932,
    "Lng": -76.7626,
    "OperationsCommercial": 31370
  },
  {
    "LocationID": "PVD",
    "Statename": "Rhode Island",
    "CountyState": "RI",
    "City": "Providence",
    "FacilityName": "Theodore Francis Green State",
    "Lat": 41.724,
    "Lng": -71.4282,
    "OperationsCommercial": 30951
  },
  {
    "LocationID": "RIC",
    "Statename": "Virginia",
    "CountyState": "VA",
    "City": "Richmond",
    "FacilityName": "Richmond Intl",
    "Lat": 37.5052,
    "Lng": -77.3197,
    "OperationsCommercial": 30619
  },
  {
    "LocationID": "TUS",
    "Statename": "Arizona",
    "CountyState": "AZ",
    "City": "Tucson",
    "FacilityName": "Tucson Intl",
    "Lat": 32.1161,
    "Lng": -110.941,
    "OperationsCommercial": 29484
  },
  {
    "LocationID": "DSM",
    "Statename": "Iowa",
    "CountyState": "IA",
    "City": "Des Moines",
    "FacilityName": "Des Moines Intl",
    "Lat": 41.534,
    "Lng": -93.6631,
    "OperationsCommercial": 28354
  },
  {
    "LocationID": "TUL",
    "Statename": "Oklahoma",
    "CountyState": "OK",
    "City": "Tulsa",
    "FacilityName": "Tulsa Intl",
    "Lat": 36.1984,
    "Lng": -95.8881,
    "OperationsCommercial": 27772
  },
  {
    "LocationID": "ORF",
    "Statename": "Virginia",
    "CountyState": "VA",
    "City": "Norfolk",
    "FacilityName": "Norfolk Intl",
    "Lat": 36.8946,
    "Lng": -76.2012,
    "OperationsCommercial": 27295
  },
  {
    "LocationID": "LIH",
    "Statename": "Hawaii",
    "CountyState": "HI",
    "City": "Lihue",
    "FacilityName": "Lihue",
    "Lat": 21.976,
    "Lng": -159.339,
    "OperationsCommercial": 25908
  },
  {
    "LocationID": "BHM",
    "Statename": "Alabama",
    "CountyState": "AL",
    "City": "Birmingham",
    "FacilityName": "Birmingham-Shuttlesworth Intl",
    "Lat": 33.5639,
    "Lng": -86.7523,
    "OperationsCommercial": 25292
  },
  {
    "LocationID": "LGB",
    "Statename": "California",
    "CountyState": "CA",
    "City": "Long Beach",
    "FacilityName": "Long Beach /daugherty Field/",
    "Lat": 33.8178,
    "Lng": -118.1517,
    "OperationsCommercial": 24032
  },
  {
    "LocationID": "ALB",
    "Statename": "New York",
    "CountyState": "NY",
    "City": "Albany",
    "FacilityName": "Albany Intl",
    "Lat": 42.7491,
    "Lng": -73.802,
    "OperationsCommercial": 23751
  },
  {
    "LocationID": "HOM",
    "Statename": "Alaska",
    "CountyState": "AK",
    "City": "Homer",
    "FacilityName": "Homer",
    "Lat": 59.6455,
    "Lng": -151.4766,
    "OperationsCommercial": 23006
  },
  {
    "LocationID": "GUM",
    "Statename": "Guam",
    "CountyState": "GU",
    "City": "Guam",
    "FacilityName": "Guam Intl",
    "Lat": 13.484,
    "Lng": 144.7971,
    "OperationsCommercial": 22639
  },
  {
    "LocationID": "KOA",
    "Statename": "Hawaii",
    "CountyState": "HI",
    "City": "Kailua/kona",
    "FacilityName": "Kona Intl at Keahole",
    "Lat": 19.7388,
    "Lng": -156.0456,
    "OperationsCommercial": 22382
  },
  {
    "LocationID": "MHT",
    "Statename": "New Hampshire",
    "CountyState": "NH",
    "City": "Manchester",
    "FacilityName": "Manchester",
    "Lat": 42.9328,
    "Lng": -71.4357,
    "OperationsCommercial": 21699
  },
  {
    "LocationID": "ROC",
    "Statename": "New York",
    "CountyState": "NY",
    "City": "Rochester",
    "FacilityName": "Greater Rochester Intl",
    "Lat": 43.1191,
    "Lng": -77.6719,
    "OperationsCommercial": 20466
  },
  {
    "LocationID": "LIT",
    "Statename": "Arkansas",
    "CountyState": "AR",
    "City": "Little Rock",
    "FacilityName": "Bill and Hillary Clinton National/adams Fi",
    "Lat": 34.7294,
    "Lng": -92.2248,
    "OperationsCommercial": 20341
  },
  {
    "LocationID": "SYR",
    "Statename": "New York",
    "CountyState": "NY",
    "City": "Syracuse",
    "FacilityName": "Syracuse Hancock Intl",
    "Lat": 43.1112,
    "Lng": -76.1063,
    "OperationsCommercial": 20266
  },
  {
    "LocationID": "CAK",
    "Statename": "Ohio",
    "CountyState": "OH",
    "City": "Akron",
    "FacilityName": "Akron-Canton Rgnl",
    "Lat": 40.9151,
    "Lng": -81.4436,
    "OperationsCommercial": 20174
  },
  {
    "LocationID": "GSO",
    "Statename": "North Carolina",
    "CountyState": "NC",
    "City": "Greensboro",
    "FacilityName": "Piedmont Triad Intl",
    "Lat": 36.1013,
    "Lng": -79.9411,
    "OperationsCommercial": 20156
  },
  {
    "LocationID": "NYL",
    "Statename": "Arizona",
    "CountyState": "AZ",
    "City": "Yuma",
    "FacilityName": "Yuma Mcas/yuma Intl",
    "Lat": 32.6566,
    "Lng": -114.606,
    "OperationsCommercial": 18814
  },
  {
    "LocationID": "GRR",
    "Statename": "Michigan",
    "CountyState": "MI",
    "City": "Grand Rapids",
    "FacilityName": "Gerald R Ford Intl",
    "Lat": 42.8808,
    "Lng": -85.5228,
    "OperationsCommercial": 18502
  },
  {
    "LocationID": "PWM",
    "Statename": "Maine",
    "CountyState": "ME",
    "City": "Portland",
    "FacilityName": "Portland Intl Jetport",
    "Lat": 43.6456,
    "Lng": -70.3086,
    "OperationsCommercial": 18178
  },
  {
    "LocationID": "SFB",
    "Statename": "Florida",
    "CountyState": "FL",
    "City": "Orlando",
    "FacilityName": "Orlando Sanford Intl",
    "Lat": 28.777,
    "Lng": -81.2349,
    "OperationsCommercial": 17283
  },
  {
    "LocationID": "SAV",
    "Statename": "Georgia",
    "CountyState": "GA",
    "City": "Savannah",
    "FacilityName": "Savannah/hilton Head Intl",
    "Lat": 32.1276,
    "Lng": -81.2021,
    "OperationsCommercial": 16590
  },
  {
    "LocationID": "MYR",
    "Statename": "South Carolina",
    "CountyState": "SC",
    "City": "Myrtle Beach",
    "FacilityName": "Myrtle Beach Intl",
    "Lat": 33.6798,
    "Lng": -78.9283,
    "OperationsCommercial": 16073
  },
  {
    "LocationID": "SCC",
    "Statename": "Alaska",
    "CountyState": "AK",
    "City": "Deadhorse",
    "FacilityName": "Deadhorse",
    "Lat": 70.1955,
    "Lng": -148.4658,
    "OperationsCommercial": 16060
  },
  {
    "LocationID": "ICT",
    "Statename": "Kansas",
    "CountyState": "KS",
    "City": "Wichita",
    "FacilityName": "Wichita Dwight D Eisenhower National",
    "Lat": 37.6499,
    "Lng": -97.4331,
    "OperationsCommercial": 15707
  },
  {
    "LocationID": "ITO",
    "Statename": "Hawaii",
    "CountyState": "HI",
    "City": "Hilo",
    "FacilityName": "Hilo Intl",
    "Lat": 19.7203,
    "Lng": -155.0485,
    "OperationsCommercial": 15561
  },
  {
    "LocationID": "DAY",
    "Statename": "Ohio",
    "CountyState": "OH",
    "City": "Dayton",
    "FacilityName": "James M Cox Dayton Intl",
    "Lat": 39.9022,
    "Lng": -84.2194,
    "OperationsCommercial": 15496
  }
]